Title,Brand,Category,URL,SKU
Electrolux 2.4-cu ft High Efficiency Stackable Steam Cycle Front-Load Washer (White) ENERGY STAR,Electrolux,Washing Machines,https://www.lowes.com/pd/Electrolux-2-4-cu-ft-High-Efficiency-Stackable-Steam-Cycle-Front-Load-Washer-White-ENERGY-STAR/1000966240,1000966240
Equator Advanced Appliances Vented Combination Washer and Dryer (Black) ENERGY STAR,Equator Advanced Appliances,Combination Washers & Dryers,https://www.lowes.com/pd/Equator-Advanced-Appliances-Vented-Combination-Washer-and-Dryer-Black-ENERGY-STAR/5000149341,5000149341
Whirlpool 1.6-cu ft Compact Top-Load Washer with Flexible Installation - White,Whirlpool,Washing Machines,https://www.lowes.com/pd/Whirlpool-1-5-cu-ft-Portable-Top-Load-Washer-White/1000695146,1000695146
Whirlpool 5.3-cu ft Smart Capable High-Efficiency Top-Load Washer with Load and Go Dispenser and Dual Temperature Faucet - White,Whirlpool,Washing Machines,https://www.lowes.com/pd/Whirlpool-Smart-capable-5-3-cu-ft-High-Efficiency-Top-Load-Washer-White-ENERGY-STAR/1001880968,1001880968
Maytag 5.2-cu ft Smart Capable High-Efficiency Top-Load Washers with Extra Power Button - Metallic Slate,Maytag,Washing Machines,https://www.lowes.com/pd/Maytag-Smart-capable-5-2-cu-ft-High-Efficiency-Top-Load-Washer-Metallic-Slate-ENERGY-STAR/1001819468,1001819468
GE 4.6-cu ft High Efficiency Top-Load Washer (White) ENERGY STAR,GE,Washing Machines,https://www.lowes.com/pd/GE-4-6-cu-ft-High-Efficiency-Top-Load-Washer-White-ENERGY-STAR/1001050930,1001050930
Whirlpool 4.8-cu ft High-Efficiency Top-Load Washer with Pretreat Station - Chrome Shadow,Whirlpool,Washing Machines,https://www.lowes.com/pd/Whirlpool-4-8-cu-ft-High-Efficiency-Top-Load-Washer-Chrome-Shadow/1002609994,1002609994
LG High-Efficiency Stackable Front-Load Washer with Steam Cycle (Black Steel) ENERGY STAR,LG,Washing Machines,https://www.lowes.com/pd/LG-High-Efficiency-Stackable-Front-Load-Washer-with-Steam-Cycle-Black-Steel-ENERGY-STAR/5000140757,5000140757
LG High-Efficiency Stackable Front-Load Washer with Steam Cycle (Black Steel) ENERGY STAR,LG,Washing Machines,https://www.lowes.com/pd/LG-High-Efficiency-Stackable-Front-Load-Washer-with-Steam-Cycle-Black-Steel-ENERGY-STAR/5000140763,5000140763
LG High-Efficiency Stackable Front-Load Washer with Steam Cycle (Graphite Steel) ENERGY STAR,LG,Washing Machines,https://www.lowes.com/pd/LG-High-Efficiency-Stackable-Front-Load-Washer-with-Steam-Cycle-Graphite-Steel-ENERGY-STAR/5000140745,5000140745
LG Smart Wi-Fi Enabled 4.5-cu ft High Efficiency Stackable Steam Cycle Front-Load Washer (White) ENERGY STAR,LG,Washing Machines,https://www.lowes.com/pd/LG-Smart-Wi-Fi-Enabled-4-5-cu-ft-High-Efficiency-Stackable-Steam-Cycle-Front-Load-Washer-White-ENERGY-STAR/5000140751,5000140751
Fisher & Paykel 4-cu ft Stackable Ventless Electric Dryer (White),Fisher & Paykel,Dryers,https://www.lowes.com/pd/Fisher-Paykel-4-cu-ft-Stackable-Ventless-Electric-Dryer-White/1000761708,1000761708
Whirlpool 7.4-cu ft Smart Front Load Stackable Vented Electric Dryer - Black Shadow,Whirlpool,Dryers,https://www.lowes.com/pd/Whirlpool-Smart-7-4-cu-ft-Stackable-Steam-Cycle-Electric-Dryer-Black-Shadow-ENERGY-STAR/1000732442,1000732442
Maytag 9.2-cu ft Electric Dryer (Chrome Shadow) ENERGY STAR,Maytag,Dryers,https://www.lowes.com/pd/Maytag-9-2-cu-ft-Steam-Cycle-Electric-Dryer-Metallic-Slate-ENERGY-STAR/1000089517,1000089517
GE 3.6-cu ft Stackable Electric Dryer (White),GE,Dryers,https://www.lowes.com/pd/GE-3-6-cu-ft-Stackable-Electric-Dryer-White/3502336,3502336
LG Smart Wi-Fi Enabled 7.4-cu ft Stackable Steam Cycle Electric Dryer (Black Stainless Steel) ENERGY STAR,LG,Dryers,https://www.lowes.com/pd/LG-Smart-Wi-Fi-Enabled-7-4-cu-ft-Stackable-Steam-Cycle-Electric-Dryer-Black-Stainless-Steel-ENERGY-STAR/1000121123,1000121123
LG 7.4-cu ft Stackable Electric Dryer (White) ENERGY STAR,LG,Dryers,https://www.lowes.com/pd/LG-7-4-cu-ft-Stackable-Electric-Dryer-White-ENERGY-STAR/50322769,50322769
GE 7.4-cu ft Steam Cycle Electric Dryer (Diamond Gray) ENERGY STAR,GE,Dryers,https://www.lowes.com/pd/GE-7-4-cu-ft-Steam-Cycle-Electric-Dryer-Diamond-Gray-ENERGY-STAR/1000295489,1000295489
GE 7.4-cu ft Steam Cycle Electric Dryer (White) ENERGY STAR,GE,Dryers,https://www.lowes.com/pd/GE-7-4-cu-ft-Steam-Cycle-Electric-Dryer-White-ENERGY-STAR/1000309133,1000309133
Midea 5.2-cu ft High Efficiency Stackable Steam Cycle Front-Load Washer (White) ENERGY STAR,Midea,Washing Machines,https://www.lowes.com/pd/Midea-5-2-cu-ft-High-Efficiency-Stackable-Steam-Cycle-Front-Load-Washer-White-ENERGY-STAR/1003049884,1003049884
LG True Steam Smart Wi-Fi Enabled 7.4-cu ft Stackable Steam Cycle Electric Dryer (Black Steel) ENERGY STAR,LG,Dryers,https://www.lowes.com/pd/LG-True-Steam-Smart-Wi-Fi-Enabled-7-4-cu-ft-Stackable-Steam-Cycle-Electric-Dryer-Black-Steel-ENERGY-STAR/5000140759,5000140759
LG ThinQ 7.4-cu ft Electric Dryer (Graphite Steel) ENERGY STAR,LG,Dryers,https://www.lowes.com/pd/LG-ThinQ-7-4-cu-ft-Electric-Dryer-Graphite-Steel-ENERGY-STAR/5000140747,5000140747
LG 7.4-cu ft Reversible side swing Electric Dryer (White) ENERGY STAR,LG,Dryers,https://www.lowes.com/pd/LG-7-4-cu-ft-Reversible-side-swing-Electric-Dryer-White-ENERGY-STAR/5000140753,5000140753
LG TrueSteam Wi-Fi Enabled 7.4-cu ft Stackable Steam Cycle Electric Dryer (Wm4200hba) ENERGY STAR,LG,Dryers,https://www.lowes.com/pd/LG-TrueSteam-Wi-Fi-Enabled-7-4-cu-ft-Stackable-Steam-Cycle-Electric-Dryer-Wm4200hba-ENERGY-STAR/5000140765,5000140765
Samsung 7.2-cu ft Electric Dryer (White),Samsung,Dryers,https://www.lowes.com/pd/Samsung-7-2-cu-ft-Electric-Dryer-White/50371038,50371038
Maytag 8.8-cu ft Steam Cycle Electric Dryer (Metallic Slate) ENERGY STAR,Maytag,Dryers,https://www.lowes.com/pd/Maytag-8-8-cu-ft-Steam-Cycle-Electric-Dryer-Metallic-Slate-ENERGY-STAR/1000175037,1000175037
GE 7.4-cu ft Steam Cycle Electric Dryer (Diamond Gray) ENERGY STAR,GE,Dryers,https://www.lowes.com/pd/GE-7-4-cu-ft-Steam-Cycle-Electric-Dryer-Diamond-Gray-ENERGY-STAR/1001047512,1001047512
LG 2.3-cu ft High Efficiency Stackable Front-Load Washer (White) ENERGY STAR,LG,Washing Machines,https://www.lowes.com/pd/LG-2-3-cu-ft-High-Efficiency-Stackable-Front-Load-Washer-White-ENERGY-STAR/1000129723,1000129723
Whirlpool 4.5-cu ft Closet-Depth High-Efficiency Front Load Washer with Load and Go XL Dispenser - White,Whirlpool,Washing Machines,https://www.lowes.com/pd/Whirlpool-Load-and-Go-4-5-cu-ft-High-Efficiency-Stackable-Steam-Cycle-Front-Load-Washer-White-ENERGY-STAR/1000704972,1000704972
Whirlpool 7.4-cu ft Front Load Stackable Vented Electric Dryer with Steam Cycles - White,Whirlpool,Dryers,https://www.lowes.com/pd/Whirlpool-7-4-cu-ft-Stackable-Steam-Cycle-Electric-Dryer-White-ENERGY-STAR/1000704988,1000704988
Midea 8-cu ft Stackable Steam Cycle Electric Dryer (Graphite Silver),Midea,Dryers,https://www.lowes.com/pd/Midea-8-cu-ft-Stackable-Steam-Cycle-Electric-Dryer-Graphite-Silver/1001256588,1001256588
Whirlpool 1.9-cu ft High Efficiency Stackable Front-Load Washer (White) ENERGY STAR,Whirlpool,Washing Machines,https://www.lowes.com/pd/Whirlpool-1-9-cu-ft-High-Efficiency-Stackable-Front-Load-Washer-White-ENERGY-STAR/1000864710,1000864710
Electrolux 4-cu ft Stackable Ventless Electric Dryer (White),Electrolux,Dryers,https://www.lowes.com/pd/Electrolux-4-cu-ft-Stackable-Ventless-Electric-Dryer-White/1000977186,1000977186
Haier 2.4-cu ft High Efficiency Stackable Steam Cycle Front-Load Washer (White) ENERGY STAR,Haier,Washing Machines,https://www.lowes.com/pd/Haier-2-4-cu-ft-High-Efficiency-Stackable-Steam-Cycle-Front-Load-Washer-White-ENERGY-STAR/1001074194,1001074194
Haier Smart 4.1-cu ft Stackable Ventless Electric Dryer (White) ENERGY STAR,Haier,Dryers,https://www.lowes.com/pd/Haier-Smart-4-1-cu-ft-Stackable-Ventless-Electric-Dryer-White-ENERGY-STAR/1001074198,1001074198
Haier 4.1-cu ft Stackable Electric Dryer (White) ENERGY STAR,Haier,Dryers,https://www.lowes.com/pd/Haier-4-1-cu-ft-Stackable-Electric-Dryer-White-ENERGY-STAR/1001074202,1001074202
Whirlpool 2.3-cu ft High Efficiency Stackable Front-Load Washer (White) ENERGY STAR,Whirlpool,Washing Machines,https://www.lowes.com/pd/Whirlpool-2-3-cu-ft-High-Efficiency-Stackable-Front-Load-Washer-White-ENERGY-STAR/1000876440,1000876440
Whirlpool 7.4-cu ft Smart Capable Stackable Vented Electric Dryer with Steam Cycles - White,Whirlpool,Dryers,https://www.lowes.com/pd/Whirlpool-7-4-cu-ft-Stackable-Steam-Cycle-Electric-Dryer-White-ENERGY-STAR/1000704974,1000704974
Whirlpool 4.3-cu ft Compact Ventless Heat Pump Stackable Electric Dryer with Wrinkle Shield Option - White,Whirlpool,Dryers,https://www.lowes.com/pd/Whirlpool-4-3-cu-ft-Stackable-Ventless-Electric-Dryer-White-ENERGY-STAR/1000969842,1000969842
Bosch 4.0-cu ft Reversible side swing Stackable Electric Dryer (White) ENERGY STAR,Bosch,Dryers,https://www.lowes.com/pd/Bosch-800-4-cu-ft-Stackable-Ventless-Electric-Dryer-Whi/1001860876,1001860876
GE 7.8-cu ft Stackable Electric Dryer (Diamond Gray) ENERGY STAR,GE,Dryers,https://www.lowes.com/pd/GE-7-8-cu-ft-Stackable-Electric-Dryer-Diamond-Gray-ENERGY-STAR/1002380102,1002380102
GE 7.8-cu ft Stackable Electric Dryer (White) ENERGY STAR,GE,Dryers,https://www.lowes.com/pd/GE-7-8-cu-ft-Stackable-Electric-Dryer-White-ENERGY-STAR/1002380250,1002380250
GE 7.8-cu ft Reversible Side Swing Door Stackable Gas Dryer (Diamond Gray) ENERGY STAR,GE,Dryers,https://www.lowes.com/pd/GE-7-8-cu-ft-Stackable-Gas-Dryer-Diamond-Gray-ENERGY-STAR/1002380398,1002380398
Electrolux 4.3-cu ft High Efficiency Stackable Steam Cycle Front-Load Washer (Titanium) ENERGY STAR,Electrolux,Washing Machines,https://www.lowes.com/pd/Electrolux-4-3-cu-ft-High-Efficiency-Stackable-Steam-Cycle-Front-Load-Washer-Titanium-ENERGY-STAR/1001289334,1001289334
GE 7.8-cu ft Stackable Steam Cycle Electric Dryer (Diamond Gray) ENERGY STAR,GE,Dryers,https://www.lowes.com/pd/GE-7-8-cu-ft-Stackable-Steam-Cycle-Electric-Dryer-Diamond-Gray-ENERGY-STAR/1001339880,1001339880
GE 7.8-cu ft Reversible Side Swing Door Stackable Steam Cycle Gas Dryer (White) ENERGY STAR,GE,Dryers,https://www.lowes.com/pd/GE-7-8-cu-ft-Stackable-Steam-Cycle-Gas-Dryer-White-ENERGY-STAR/1001339858,1001339858
Electrolux 8-cu ft Reversible Side Swing Door Stackable Steam Cycle Gas Dryer (Titanium) ENERGY STAR,Electrolux,Dryers,https://www.lowes.com/pd/Electrolux-8-cu-ft-Stackable-Steam-Cycle-Gas-Dryer-Titanium-ENERGY-STAR/1001289366,1001289366
Electrolux 8-cu ft Reversible Side Swing Door Stackable Gas Dryer (Island White) ENERGY STAR,Electrolux,Dryers,https://www.lowes.com/pd/Electrolux-8-cu-ft-Stackable-Gas-Dryer-Island-White-ENERGY-STAR/1001289462,1001289462
Whirlpool 7.4-cu ft Vented Electric Dryer with Intuitive Touch Controls - White,Whirlpool,Dryers,https://www.lowes.com/pd/Whirlpool-7-4-cu-ft-Electric-Dryer-White/1000329067,1000329067
Whirlpool 7.4-cu ft Vented Electric Dryer with Intuitive Touch Controls - Chrome Shadow,Whirlpool,Dryers,https://www.lowes.com/pd/Whirlpool-7-4-cu-ft-Electric-Dryer-Chrome-Shadow/1000329063,1000329063
Whirlpool 7-cu ft Vented Electric Dryer With AutoDry Drying System - White,Whirlpool,Dryers,https://www.lowes.com/pd/Whirlpool-7-cu-ft-Electric-Dryer-White/1000422579,1000422579
GE 7.2-cu ft Reversible Side Swing Door Gas Dryer (White),GE,Dryers,https://www.lowes.com/pd/GE-7-2-cu-ft-Gas-Dryer-White/999922474,999922474
LG Smart Wi-Fi Enabled 7.4-cu ft Side Swing Door Stackable Steam Cycle Gas Dryer (White) ENERGY STAR,LG,Dryers,https://www.lowes.com/pd/LG-Smart-Wi-Fi-Enabled-7-4-cu-ft-Stackable-Steam-Cycle-Gas-Dryer-White-ENERGY-STAR/1000533899,1000533899
Samsung 7.4-cu ft Reversible Side Swing Door Steam Cycle Gas Dryer (Fingerprint Resistant Black Stainless Steel),Samsung,Dryers,https://www.lowes.com/pd/Samsung-7-4-cu-ft-Steam-Cycle-Gas-Dryer-Fingerprint-Resistant-Black-Stainless-Steel/1000804786,1000804786
Samsung Smart 7.5-cu ft Reversible Side Swing Door Stackable Steam Cycle Gas Dryer (Fingerprint Resistant Black Stainless Steel) ENERGY STAR,Samsung,Dryers,https://www.lowes.com/pd/Samsung-Smart-7-5-cu-ft-Stackable-Steam-Cycle-Gas-Dryer-Fingerprint-Resistant-Black-Stainless-Steel-ENERGY-STAR/1001181938,1001181938
Whirlpool Smart Capable 7.4-cu ft Hamper Door Steam Cycle Gas Dryer (White) ENERGY STAR,Whirlpool,Dryers,https://www.lowes.com/pd/Whirlpool-Smart-Capable-7-4-cu-ft-Steam-Cycle-Gas-Dryer-White-ENERGY-STAR/1002579740,1002579740
Maytag 7.3-cu ft Reversible Side Swing Door Stackable Steam Cycle Gas Dryer (White) ENERGY STAR,Maytag,Dryers,https://www.lowes.com/pd/Maytag-7-3-cu-ft-Stackable-Steam-Cycle-Gas-Dryer-White-ENERGY-STAR/1000704412,1000704412
Maytag Commercial Grade 7.4-cu ft Reversible Side Swing Door Gas Dryer (White),Maytag,Dryers,https://www.lowes.com/pd/Maytag-Commercial-Grade-7-4-cu-ft-Gas-Dryer-White/1002579794,1002579794
Whirlpool 7.4-cu ft Reversible Side Swing Door Stackable Steam Cycle Gas Dryer (Chrome Shadow) ENERGY STAR,Whirlpool,Dryers,https://www.lowes.com/pd/Whirlpool-7-4-cu-ft-Stackable-Steam-Cycle-Gas-Dryer-Chrome-Shadow-ENERGY-STAR/1000704960,1000704960
GE 7.8-cu ft Reversible Side Swing Door Stackable Steam Cycle Gas Dryer (White) ENERGY STAR,GE,Dryers,https://www.lowes.com/pd/GE-7-8-cu-ft-Stackable-Steam-Cycle-Gas-Dryer-White-ENERGY-STAR/1001799890,1001799890
Whirlpool 7.4-cu ft Reversible Side Swing Door Stackable Steam Cycle Gas Dryer (White) ENERGY STAR,Whirlpool,Dryers,https://www.lowes.com/pd/Whirlpool-7-4-cu-ft-Stackable-Steam-Cycle-Gas-Dryer-White-ENERGY-STAR/1000704990,1000704990
Samsung 7.4-cu ft Reversible Side Swing Door Gas Dryer (Champagne),Samsung,Dryers,https://www.lowes.com/pd/Samsung-7-4-cu-ft-Gas-Dryer-Champagne/1002552164,1002552164
Whirlpool Smart Capable 8.8-cu ft Reversible Side Swing Door Steam Cycle Gas Dryer (White) ENERGY STAR,Whirlpool,Dryers,https://www.lowes.com/pd/Whirlpool-Smart-Capable-8-8-cu-ft-Steam-Cycle-Gas-Dryer-White-ENERGY-STAR/1002654112,1002654112
Midea Midea Laundry 8-cu ft Reversible Side Swing Door Stackable Steam Cycle Gas Dryer (White),Midea,Dryers,https://www.lowes.com/pd/Midea-Midea-Laundry-8-cu-ft-Stackable-Steam-Cycle-Gas-Dryer-White/1002560290,1002560290
Midea Midea Laundry 8-cu ft Reversible Side Swing Door Stackable Steam Cycle Gas Dryer (White),Midea,Dryers,https://www.lowes.com/pd/Midea-Midea-Laundry-8-cu-ft-Stackable-Steam-Cycle-Gas-Dryer-White/1002561844,1002561844
Midea 8-cu ft Stackable Steam Cycle Electric Dryer (White),Midea,Dryers,https://www.lowes.com/pd/Midea-8-cu-ft-Stackable-Steam-Cycle-Electric-Dryer-White/1002561822,1002561822
GE 3.6-cu ft Stackable Electric Dryer (White),GE,Dryers,https://www.lowes.com/pd/GE-3-6-cu-ft-Stackable-Electric-Dryer-White/3362202,3362202
Bosch 800 4-cu ft Stackable Ventless Electric Dryer (White/Chrome) ENERGY STAR,Bosch,Dryers,https://www.lowes.com/pd/Bosch-800-4-cu-ft-Stackable-Ventless-Electric-Dryer-Whi/50426128,50426128
LG 4.2-cu ft Stackable Ventless Electric Dryer (White),LG,Dryers,https://www.lowes.com/pd/LG-4-2-cu-ft-Stackable-Ventless-Electric-Dryer-White/1000129725,1000129725
LG SIGNATURE TurboSteam Smart Wi-Fi Enabled 9-cu ft Reversible Side Swing Door Stackable Steam Cycle Gas Dryer (Black Stainless Steel),LG,Dryers,https://www.lowes.com/pd/LG-SIGNATURE-TurboSteam-Smart-Wi-Fi-Enabled-9-cu-ft-Steam-Cycle-Gas-Dryer-Black-Stainless-Steel/1000142133,1000142133
Whirlpool 7.4-cu ft Smart Front Load Stackable Vented Electric Dryer - Chrome Shadow,Whirlpool,Dryers,https://www.lowes.com/pd/Whirlpool-Smart-7-4-cu-ft-Stackable-Steam-Cycle-Electric-Dryer-Chrome-Shadow-ENERGY-STAR/1000732446,1000732446
Maytag 7.3-cu ft Front Load Stackable Electric Dryer with Extra Power and Quick Dry Cycle in Metallic Slate,Maytag,Dryers,https://www.lowes.com/pd/Maytag-7-3-cu-ft-Stackable-Steam-Cycle-Electric-Dryer-Metallic-Slate-ENERGY-STAR/1000704444,1000704444
Maytag 7.3-cu ft Front Load Stackable Vented Electric Dryer with Extra Power - White,Maytag,Dryers,https://www.lowes.com/pd/Maytag-7-3-cu-ft-Stackable-Electric-Dryer-White-ENERGY-STAR/1000704428,1000704428
Whirlpool 7.4-cu ft Front Load Stackable Long Vented Electric Dryer - White,Whirlpool,Dryers,https://www.lowes.com/pd/Whirlpool-7-4-cu-ft-Stackable-Electric-Dryer-White-ENERGY-STAR/1000704968,1000704968
Whirlpool 7.4-cu ft Front Load Stackable Vented Electric Dryer with Steam Cycles - Chrome Shadow,Whirlpool,Dryers,https://www.lowes.com/pd/Whirlpool-7-4-cu-ft-Stackable-Steam-Cycle-Electric-Dryer-Chrome-Shadow-ENERGY-STAR/1000704982,1000704982
Whirlpool 7.4-cu ft Stackable Front Load Ventless Hybrid Heat Pump Electric Dryer - Chrome Shadow,Whirlpool,Dryers,https://www.lowes.com/pd/Whirlpool-7-4-cu-ft-Stackable-Ventless-Electric-Dryer-Chrome-Shadow-ENERGY-STAR/1000716664,1000716664
GE 7.5-cu ft Stackable Steam Cycle Electric Dryer (White) ENERGY STAR,GE,Dryers,https://www.lowes.com/pd/GE-7-5-cu-ft-Stackable-Steam-Cycle-Electric-Dryer-White-ENERGY-STAR/1000546117,1000546117
LG TurboSteam Smart Wi-Fi Enabled 7.3-cu ft Steam Cycle Electric Dryer (Black Steel) ENERGY STAR,LG,Dryers,https://www.lowes.com/pd/LG-TurboSteam-Smart-Wi-Fi-Enabled-7-3-cu-ft-Steam-Cycle-Electric-Dryer-Black-Steel-ENERGY-STAR/1000858830,1000858830
Whirlpool 7-cu ft Electric Dryer with Intuitive Touch Controls,Whirlpool,Dryers,https://www.lowes.com/pd/Whirlpool-7-cu-ft-Electric-Dryer-White/50351426,50351426
GE 6.2-cu ft Electric Dryer (White),GE,Dryers,https://www.lowes.com/pd/GE-6-2-cu-ft-Electric-Dryer-White/1000002880,1000002880
Whirlpool Smart 7.4-cu ft Reversible Side Swing Door Stackable Steam Cycle Gas Dryer (Chrome Shadow) ENERGY STAR,Whirlpool,Dryers,https://www.lowes.com/pd/Whirlpool-Smart-7-4-cu-ft-Stackable-Steam-Cycle-Gas-Dryer-Chrome-Shadow-ENERGY-STAR/1000756310,1000756310
Whirlpool 7.4-cu ft Reversible Side Swing Door Stackable Steam Cycle Gas Dryer (White) ENERGY STAR,Whirlpool,Dryers,https://www.lowes.com/pd/Whirlpool-7-4-cu-ft-Stackable-Steam-Cycle-Gas-Dryer-White-ENERGY-STAR/1000704976,1000704976
Whirlpool 7.4-cu ft Reversible Side Swing Door Stackable Gas Dryer (White) ENERGY STAR,Whirlpool,Dryers,https://www.lowes.com/pd/Whirlpool-7-4-cu-ft-Stackable-Gas-Dryer-White-ENERGY-STAR/1000704970,1000704970
Whirlpool 7.4-cu ft Reversible Side Swing Door Stackable Steam Cycle Gas Dryer (Chrome Shadow) ENERGY STAR,Whirlpool,Dryers,https://www.lowes.com/pd/Whirlpool-7-4-cu-ft-Stackable-Steam-Cycle-Gas-Dryer-Chrome-Shadow-ENERGY-STAR/1000704984,1000704984
Maytag 7.3-cu ft Reversible Side Swing Door Stackable Steam Cycle Gas Dryer (Metallic Slate) ENERGY STAR,Maytag,Dryers,https://www.lowes.com/pd/Maytag-7-3-cu-ft-Stackable-Steam-Cycle-Gas-Dryer-Metallic-Slate-ENERGY-STAR/1000704452,1000704452
Fisher & Paykel 7-cu ft Reversible Side Swing Door Steam Cycle Gas Dryer (White) ENERGY STAR,Fisher & Paykel,Dryers,https://www.lowes.com/pd/Fisher-Paykel-7-cu-ft-Steam-Cycle-Gas-Dryer-White-ENERGY-STAR/1000509229,1000509229
GE 7.5-cu ft Stackable Steam Cycle Gas Dryer (White) ENERGY STAR,GE,Dryers,https://www.lowes.com/pd/GE-7-5-cu-ft-Stackable-Steam-Cycle-Gas-Dryer-White-ENERGY-STAR/1000546127,1000546127
Samsung Smart 7.5-cu ft Reversible Side Swing Door Stackable Steam Cycle Gas Dryer (Champagne) ENERGY STAR,Samsung,Dryers,https://www.lowes.com/pd/Samsung-Smart-7-5-cu-ft-Stackable-Steam-Cycle-Gas-Dryer-Champagne-ENERGY-STAR/1000836026,1000836026
LG TurboSteam Smart Wi-Fi Enabled 7.3-cu ft Steam Cycle Gas Dryer (Black Steel) ENERGY STAR,LG,Dryers,https://www.lowes.com/pd/LG-TurboSteam-Smart-Wi-Fi-Enabled-7-3-cu-ft-Steam-Cycle-Gas-Dryer-Black-Steel-ENERGY-STAR/1000858836,1000858836
Whirlpool Smart 7.4-cu ft Reversible Side Swing Door Stackable Steam Cycle Gas Dryer (White) ENERGY STAR,Whirlpool,Dryers,https://www.lowes.com/pd/Whirlpool-Smart-7-4-cu-ft-Stackable-Steam-Cycle-Gas-Dryer-White-ENERGY-STAR/1000756330,1000756330
Maytag 7.3-cu ft Reversible Side Swing Door Stackable Gas Dryer (White) ENERGY STAR,Maytag,Dryers,https://www.lowes.com/pd/Maytag-7-3-cu-ft-Stackable-Gas-Dryer-White-ENERGY-STAR/1000704436,1000704436
GE 7.5-cu ft Reversible Side Swing Door Stackable Gas Dryer (White) ENERGY STAR,GE,Dryers,https://www.lowes.com/pd/GE-7-5-cu-ft-Stackable-Gas-Dryer-White-ENERGY-STAR/1002516184,1002516184
GE 4.8-cu ft Stackable Steam Cycle Front-Load Washer (Satin Nickel) ENERGY STAR,GE,Washing Machines,https://www.lowes.com/pd/GE-4-8-cu-ft-Stackable-Steam-Cycle-Front-Load-Washer-Satin-Nickel-ENERGY-STAR/1001799972,1001799972
LG TurboSteam Smart Wi-Fi Enabled 7.4-cu ft Stackable Steam Cycle Electric Dryer (White) ENERGY STAR,LG,Dryers,https://www.lowes.com/pd/LG-TurboSteam-Smart-Wi-Fi-Enabled-7-4-cu-ft-Steam-Cycle-Electric-Dryer-White-ENERGY-STAR/1000812680,1000812680
Samsung Smart 7.5-cu ft Reversible Side Swing Door Stackable Steam Cycle Gas Dryer (White) ENERGY STAR,Samsung,Dryers,https://www.lowes.com/pd/Samsung-Smart-7-5-cu-ft-Stackable-Steam-Cycle-Gas-Dryer-White-ENERGY-STAR/1000805050,1000805050
GE 4.1-cu ft Stackable Ventless Electric Dryer (White),GE,Dryers,https://www.lowes.com/pd/GE-4-1-cu-ft-Stackable-Ventless-Electric-Dryer-White/1000731570,1000731570
Samsung Smart 7.5-cu ft Stackable Steam Cycle Electric Dryer (Champagne) ENERGY STAR,Samsung,Dryers,https://www.lowes.com/pd/Samsung-Smart-7-5-cu-ft-Stackable-Steam-Cycle-Electric-Dryer-Champagne-ENERGY-STAR/1000836000,1000836000
LG TurboSteam Smart Wi-Fi Enabled 7.4-cu ft Side Swing Door Stackable Steam Cycle Gas Dryer (White) ENERGY STAR,LG,Dryers,https://www.lowes.com/pd/LG-TurboSteam-Smart-Wi-Fi-Enabled-7-4-cu-ft-Steam-Cycle-Gas-Dryer-White-ENERGY-STAR/1000812686,1000812686
GE UltraFresh Vent System 5-cu ft Stackable Steam Cycle Front-Load Washer (Diamond Gray) ENERGY STAR,GE,Washing Machines,https://www.lowes.com/pd/GE-UltraFresh-Vent-System-5-cu-ft-Stackable-Steam-Cycle-Front-Load-Washer-Diamond-Gray-ENERGY-STAR/1001326696,1001326696
GE 3.6-cu ft Stackable Portable Electric Dryer (White on White),GE,Dryers,https://www.lowes.com/pd/GE-3-6-cu-ft-Stackable-Portable-Electric-Dryer-White-On-White/3328254,3328254
LG TrueSteam 9-cu ft Side Swing Door Stackable Steam Cycle Gas Dryer (Graphite Steel),LG,Dryers,https://www.lowes.com/pd/LG-TrueSteam-9-cu-ft-Stackable-Steam-Cycle-Gas-Dryer-Graphite-Steel/1000420843,1000420843
LG TWINWash Smart Wi-Fi Enabled 5.2-cu ft High Efficiency Steam Cycle Front-Load Washer (Graphite Steel) ENERGY STAR,LG,Washing Machines,https://www.lowes.com/pd/LG-TWINWash-Smart-Wi-Fi-Enabled-5-2-cu-ft-High-Efficiency-Steam-Cycle-Front-Load-Washer-Graphite-Steel-ENERGY-STAR/999978596,999978596
Whirlpool 7.4-cu ft Smart Front Load Stackable Vented Electric Dryer - White,Whirlpool,Dryers,https://www.lowes.com/pd/Whirlpool-Smart-7-4-cu-ft-Stackable-Steam-Cycle-Electric-Dryer-White-ENERGY-STAR/1000756320,1000756320
Whirlpool 5.0-cu ft Smart High-Efficiency Front Load Washer with Load and Go XL Plus Dispenser - White,Whirlpool,Washing Machines,https://www.lowes.com/pd/Whirlpool-Smart-Load-and-Go-XL-Plus-5-cu-ft-High-Efficiency-Stackable-Front-Load-Washer-White/1000704994,1000704994
Whirlpool 4.8-cu ft High-Efficiency Top-Load Washer with Pretreat Station - White,Whirlpool,Washing Machines,https://www.lowes.com/pd/Whirlpool-4-8-cu-ft-High-Efficiency-Top-Load-Washer-White/1002609820,1002609820
Maytag 4.7-cu ft Smart Capable High-Efficiency Top-Load Washers with Extra Power Button - Metallic Slate,Maytag,Washing Machines,https://www.lowes.com/pd/Maytag-Smart-capable-4-7-cu-ft-High-Efficiency-Top-Load-Washer-Metallic-Slate/1001819434,1001819434
Samsung Activewash 5-cu ft High Efficiency Steam Cycle Top-Load Washer (Black Stainless Steel) ENERGY STAR,Samsung,Washing Machines,https://www.lowes.com/pd/Samsung-Activewash-5-cu-ft-High-Efficiency-Steam-Cycle-Top-Load-Washer-Black-Stainless-Steel-ENERGY-STAR/1000210591,1000210591
Midea 5.2-cu ft High Efficiency Stackable Steam Cycle Front-Load Washer (White) ENERGY STAR,Midea,Washing Machines,https://www.lowes.com/pd/Midea-5-2-cu-ft-High-Efficiency-Stackable-Steam-Cycle-Front-Load-Washer-White-ENERGY-STAR/1001730314,1001730314
GE 4.5-cu ft Stackable Steam Cycle Front-Load Washer (White) ENERGY STAR,GE,Washing Machines,https://www.lowes.com/pd/GE-4-5-cu-ft-Stackable-Steam-Cycle-Front-Load-Washer-White-ENERGY-STAR/1000546107,1000546107
Bosch 800 2.2-cu ft High Efficiency Stackable Front-Load Washer (White/Chrome Trim) ENERGY STAR,Bosch,Washing Machines,https://www.lowes.com/pd/Bosch-800-2-2-cu-ft-High-Efficiency-Stackable-Front-Load/50426126,50426126
Samsung FlexWash 5.5-cu ft High Efficiency Primary Washer Only Front-Load Washer (Black Stainless Steel) ENERGY STAR,Samsung,Washing Machines,https://www.lowes.com/pd/Samsung-FlexWash-5-5-cu-ft-High-Efficiency-Primary-Washer-Only-Front-Load-Washer-Black-Stainless-Steel-ENERGY-STAR/1000210047,1000210047
LG TWINWash Compatible 4.5-cu ft High Efficiency Stackable Steam Cycle Front-Load Washer (Black Stainless Steel) ENERGY STAR,LG,Washing Machines,https://www.lowes.com/pd/LG-TWINWash-Compatible-4-5-cu-ft-High-Efficiency-Stackable-Steam-Cycle-Front-Load-Washer-Black-Stainless-Steel-ENERGY-STAR/1000120643,1000120643
Samsung FlexWash 6-cu ft High Efficiency Primary Washer Only Front-Load Washer (White) ENERGY STAR,Samsung,Washing Machines,https://www.lowes.com/pd/Samsung-FlexWash-6-cu-ft-High-Efficiency-Primary-Washer-Only-Front-Load-Washer-White-ENERGY-STAR/1000210037,1000210037
Samsung FlexWash 5.5-cu ft High Efficiency Primary Washer Only Front-Load Washer (White) ENERGY STAR,Samsung,Washing Machines,https://www.lowes.com/pd/Samsung-FlexWash-5-5-cu-ft-High-Efficiency-Primary-Washer-Only-Front-Load-Washer-White-ENERGY-STAR/1000210043,1000210043
LG SIGNATURE TWINWash Smart Wi-Fi Enabled 5.8-cu ft High Efficiency Steam Cycle Front-Load Washer (Black Stainless Steel) ENERGY STAR,LG,Washing Machines,https://www.lowes.com/pd/LG-SIGNATURE-TWINWash-Smart-Wi-Fi-Enabled-5-8-cu-ft-High-Efficiency-Steam-Cycle-Front-Load-Washer-Black-Stainless-Steel-ENERGY-STAR/1000129163,1000129163
Electrolux 4.3-cu ft High Efficiency Stackable Front-Load Washer (Island White),Electrolux,Washing Machines,https://www.lowes.com/pd/Electrolux-4-3-cu-ft-High-Efficiency-Stackable-Front-Load-Washer-Island-White/1001289430,1001289430
Samsung 4.5-cu ft High Efficiency Stackable Steam Cycle Front-Load Washer (Fingerprint Resistant Black Stainless Steel) ENERGY STAR,Samsung,Washing Machines,https://www.lowes.com/pd/Samsung-4-5-cu-ft-High-Efficiency-Stackable-Steam-Cycle-Front-Load-Washer-Fingerprint-Resistant-Black-Stainless-Steel-ENERGY-STAR/1002554836,1002554836
Midea 5.2-cu ft High Efficiency Stackable Steam Cycle Front-Load Washer (Graphite Silver) ENERGY STAR,Midea,Washing Machines,https://www.lowes.com/pd/Midea-5-2-cu-ft-High-Efficiency-Stackable-Steam-Cycle-Front-Load-Washer-Graphite-Silver-ENERGY-STAR/1001275630,1001275630
Electrolux 4.3-cu ft High Efficiency Stackable Steam Cycle Front-Load Washer (Island White) ENERGY STAR,Electrolux,Washing Machines,https://www.lowes.com/pd/Electrolux-4-3-cu-ft-High-Efficiency-Stackable-Steam-Cycle-Front-Load-Washer-Island-White-ENERGY-STAR/1001234642,1001234642
LG TurboSteam Smart Wi-Fi Enabled 7.3-cu ft Steam Cycle Electric Dryer (White) ENERGY STAR,LG,Dryers,https://www.lowes.com/pd/LG-TurboSteam-Smart-Wi-Fi-Enabled-7-3-cu-ft-Steam-Cycle-Electric-Dryer-White-ENERGY-STAR/1000937562,1000937562
Kenmore Elite 7.4-cu ft Stackable Steam Cycle Electric Dryer (Metallic Silver) ENERGY STAR,Kenmore Elite,Dryers,https://www.lowes.com/pd/Kenmore-Elite-7-5-cu-ft-Side-swing-Stackable-Electric-Dryer-with-Steam-Cycles-Metallic-Silver-ENERGY-STAR/1002938796,1002938796
Bosch 500 4-cu ft Stackable Ventless Electric Dryer (White) ENERGY STAR,Bosch,Dryers,https://www.lowes.com/pd/Bosch-500-4-cu-ft-Stackable-Ventless-Electric-Dryer-Whi/1000491181,1000491181
GE 7.4-cu ft Steam Cycle Electric Dryer (White) ENERGY STAR,GE,Dryers,https://www.lowes.com/pd/GE-7-4-cu-ft-Steam-Cycle-Electric-Dryer-White-ENERGY-STAR/1001047476,1001047476
Electrolux 8-cu ft Stackable Steam Cycle Electric Dryer (Island White) ENERGY STAR,Electrolux,Dryers,https://www.lowes.com/pd/Electrolux-8-cu-ft-Stackable-Steam-Cycle-Electric-Dryer-Island-White-ENERGY-STAR/1001149486,1001149486
Electrolux 8-cu ft Stackable Steam Cycle Electric Dryer (White) ENERGY STAR,Electrolux,Dryers,https://www.lowes.com/pd/Electrolux-8-cu-ft-Stackable-Steam-Cycle-Electric-Dryer-White-ENERGY-STAR/1001156432,1001156432
Samsung 7.4-cu ft Reversible side swing Electric Dryer (Platinum),Samsung,Dryers,https://www.lowes.com/pd/Samsung-7-4-cu-ft-Reversible-side-swing-Electric-Dryer-Platinum/1003140918,1003140918
Samsung 7.5-cu ft Stackable Steam Cycle Electric Dryer (White),Samsung,Dryers,https://www.lowes.com/pd/Samsung-7-5-cu-ft-Stackable-Steam-Cycle-Electric-Dryer-White/1000804698,1000804698
Whirlpool 7.4-cu ft Smart Capable Vented Energy Star Electric Dryer with Steam Cycles - White,Whirlpool,Dryers,https://www.lowes.com/pd/Whirlpool-Smart-Capable-7-4-cu-ft-Steam-Cycle-Electric-Dryer-White-ENERGY-STAR/1002579722,1002579722
GE 7.4-cu ft Reversible Side Swing Door Steam Cycle Gas Dryer (Diamond Gray) ENERGY STAR,GE,Dryers,https://www.lowes.com/pd/GE-7-4-cu-ft-Steam-Cycle-Gas-Dryer-Diamond-Gray-ENERGY-STAR/1001047530,1001047530
Samsung 7.4-cu ft Reversible Side Swing Door Steam Cycle Gas Dryer (Fingerprint Resistant Black Stainless Steel) ENERGY STAR,Samsung,Dryers,https://www.lowes.com/pd/Samsung-7-4-cu-ft-Steam-Cycle-Gas-Dryer-Fingerprint-Resistant-Black-Stainless-Steel-ENERGY-STAR/1001061186,1001061186
Samsung 7.4-cu ft Reversible Side Swing Door Steam Cycle Gas Dryer (White) ENERGY STAR,Samsung,Dryers,https://www.lowes.com/pd/Samsung-7-4-cu-ft-Steam-Cycle-Gas-Dryer-White-ENERGY-STAR/1001061156,1001061156
Samsung 7.4-cu ft Reversible Side Swing Door Steam Cycle Gas Dryer (Fingerprint Resistant Black Stainless Steel) ENERGY STAR,Samsung,Dryers,https://www.lowes.com/pd/Samsung-7-4-cu-ft-Steam-Cycle-Gas-Dryer-Fingerprint-Resistant-Black-Stainless-Steel-ENERGY-STAR/1001103316,1001103316
LG EasyLoad 7.3-cu ft Steam Cycle Gas Dryer (Black Stainless Steel) ENERGY STAR,LG,Dryers,https://www.lowes.com/pd/LG-EasyLoad-7-3-cu-ft-Steam-Cycle-Gas-Dryer-Black-Stainless-Steel-ENERGY-STAR/1000107939,1000107939
Samsung 7.4-cu ft Reversible Side Swing Door Gas Dryer (White),Samsung,Dryers,https://www.lowes.com/pd/Samsung-7-4-cu-ft-Gas-Dryer-White/1003084750,1003084750
Samsung 7.2-cu ft Gas Dryer (White),Samsung,Dryers,https://www.lowes.com/pd/Samsung-7-2-cu-ft-Reversible-Side-Swing-Door-Gas-Dryer-White/1003124464,1003124464
Amana 7.4-cu ft Reversible Side Swing Door Stackable Gas Dryer (White) ENERGY STAR,Amana,Dryers,https://www.lowes.com/pd/Amana-7-4-cu-ft-Stackable-Gas-Dryer-White-ENERGY-STAR/1001101780,1001101780
Whirlpool 5.9-cu ft Reversible Side Swing Door Gas Dryer (White),Whirlpool,Dryers,https://www.lowes.com/pd/Whirlpool-5-9-cu-ft-Gas-Dryer-White/1000025543,1000025543
LG 7.3-cu ft Reversible Side Swing Door Gas Dryer (White) ENERGY STAR,LG,Dryers,https://www.lowes.com/pd/LG-7-3-cu-ft-Gas-Dryer-White-ENERGY-STAR/1000580943,1000580943
GE 7.4-cu ft Reversible Side Swing Door Gas Dryer (White) ENERGY STAR,GE,Dryers,https://www.lowes.com/pd/GE-7-4-cu-ft-Gas-Dryer-White-ENERGY-STAR/999922232,999922232
GE 7.4-cu ft Reversible Side Swing Door Gas Dryer (White) ENERGY STAR,GE,Dryers,https://www.lowes.com/pd/GE-7-4-cu-ft-Gas-Dryer-White-ENERGY-STAR/1001048486,1001048486
LG SmartThinQ TurboWash 360 4.5-cu ft High Efficiency Stackable Steam Cycle Front-Load Washer (Black Steel) ENERGY STAR,LG,Washing Machines,https://www.lowes.com/pd/LG-SmartThinQ-TurboWash-360-4-5-cu-ft-High-Efficiency-Stackable-Steam-Cycle-Front-Load-Washer-Black-Steel-ENERGY-STAR/1000812692,1000812692
Samsung Heat Pump 4-cu ft Stackable Ventless Electric Dryer (White) ENERGY STAR,Samsung,Dryers,https://www.lowes.com/pd/Samsung-Heat-Pump-4-cu-ft-Stackable-Ventless-Electric-Dryer-White-ENERGY-STAR/1000703160,1000703160
Kenmore Elite Stackable Front-Load Washer with Steam Cycle (White) ENERGY STAR,Kenmore Elite,Washing Machines,https://www.lowes.com/pd/Kenmore-Elite-Stackable-Front-Load-Washer-with-Steam-Cycle-White-ENERGY-STAR/1002938772,1002938772
LG Steam Smart Wi-Fi Enabled 4.5-cu ft High Efficiency Stackable Steam Cycle Front-Load Washer (Graphite Steel) ENERGY STAR,LG,Washing Machines,https://www.lowes.com/pd/LG-Steam-Smart-Wi-Fi-Enabled-4-5-cu-ft-High-Efficiency-Stackable-Steam-Cycle-Front-Load-Washer-Graphite-Steel-ENERGY-STAR/1000548517,1000548517
Whirlpool 4.5-cu ft Closet-Depth High-Efficiency Front Load Washer with Load and Go XL Dispenser - Chrome Shadow,Whirlpool,Washing Machines,https://www.lowes.com/pd/Whirlpool-Load-and-Go-4-5-cu-ft-High-Efficiency-Stackable-Steam-Cycle-Front-Load-Washer-Chrome-Shadow-ENERGY-STAR/1000731272,1000731272
Bosch 300 4-cu ft Stackable Ventless Electric Dryer (White),Bosch,Dryers,https://www.lowes.com/pd/Bosch-300-4-cu-ft-Stackable-Ventless-Electric-Dryer-Whi/999957991,999957991
Samsung Smart 7.5-cu ft Stackable Steam Cycle Electric Dryer (White) ENERGY STAR,Samsung,Dryers,https://www.lowes.com/pd/Samsung-Smart-7-5-cu-ft-Stackable-Steam-Cycle-Electric-Dryer-White-ENERGY-STAR/1000805028,1000805028
Samsung 4.5-cu ft High Efficiency Stackable Steam Cycle Front-Load Washer (White) ENERGY STAR,Samsung,Washing Machines,https://www.lowes.com/pd/Samsung-4-5-cu-ft-High-Efficiency-Stackable-Steam-Cycle-Front-Load-Washer-White-ENERGY-STAR/1000804676,1000804676
Avalon Bay 1-cu ft Portable Top-Load Washer (White),Avalon Bay,Washing Machines,https://www.lowes.com/pd/Avalon-Bay-1-cu-ft-Portable-Top-Load-Washer-White/1001415710,1001415710
LG SIGNATURE Smart Wi-Fi Enabled 2.8-cu ft White Ventless Combination Washer and Dryer with Steam Cycle,LG,Combination Washers & Dryers,https://www.lowes.com/pd/LG-SIGNATURE-Smart-Wi-Fi-Enabled-2-8-cu-ft-White-Ventless-Combination-Washer-and-Dryer-with-Steam-Cycle/1000260541,1000260541
Whirlpool Smart 2.8-cu ft Cashmere Ventless Combination Washer and Dryer,Whirlpool,Combination Washers & Dryers,https://www.lowes.com/pd/Whirlpool-Smart-2-8-cu-ft-Cashmere-Ventless-Combination-Washer-and-Dryer/1000575625,1000575625
LG Smart Wi-Fi Enabled 4.5-cu ft Black Steel Ventless Combination Washer and Dryer with Steam Cycle,LG,Combination Washers & Dryers,https://www.lowes.com/pd/LG-Ventless-Combination-Washer-and-Dryer-with-Steam-Cycle-Black-Steel/1002824934,1002824934
Equator Advanced Appliances Ventless Combination Washer and Dryer (Stainless steel) ENERGY STAR,Equator Advanced Appliances,Combination Washers & Dryers,https://www.lowes.com/pd/Equator-Advanced-Appliances-Ventless-Combination-Washer-and-Dryer-Stainless-steel-ENERGY-STAR/1003164652,1003164652
Equator Advanced Appliances Ventless Combination Washer and Dryer (Merlot) ENERGY STAR,Equator Advanced Appliances,Combination Washers & Dryers,https://www.lowes.com/pd/Equator-Advanced-Appliances-Ventless-Combination-Washer-and-Dryer-Merlot-ENERGY-STAR/1003164650,1003164650
Kenmore Elite Ventless Combination Washer and Dryer with Steam Cycle (Metallic Silver),Kenmore Elite,Combination Washers & Dryers,https://www.lowes.com/pd/Kenmore-Elite-Ventless-Combination-Washer-and-Dryer-with-Steam-Cycle-Metallic-Silver/1002937440,1002937440
Kenmore Elite Ventless Combination Washer and Dryer with Steam Cycle (White),Kenmore Elite,Combination Washers & Dryers,https://www.lowes.com/pd/Kenmore-Elite-Ventless-Combination-Washer-and-Dryer-with-Steam-Cycle-White/1002940564,1002940564
LG Smart Wi-Fi Enabled 2.3-cu ft Graphite Steel Ventless Combination Washer and Dryer,LG,Combination Washers & Dryers,https://www.lowes.com/pd/LG-Smart-Wi-Fi-Enabled-2-3-cu-ft-Graphite-Steel-Ventless-Combination-Washer-and-Dryer/1000674835,1000674835
LG 2.3-cu ft White Ventless Combination Washer and Dryer,LG,Combination Washers & Dryers,https://www.lowes.com/pd/LG-2-3-cu-ft-White-Ventless-Combination-Washer-and-Dryer/1001090284,1001090284
GE 2.4-cu ft White Ventless Combination Washer and Dryer with Steam Cycle,GE,Combination Washers & Dryers,https://www.lowes.com/pd/GE-2-4-cu-ft-White-Ventless-Combination-Washer-and-Dryer-with-Steam-Cycle/1002380546,1002380546
BLACK+DECKER 0.9-cu ft Portable Top-Load Washer (White),BLACK+DECKER,Washing Machines,https://www.lowes.com/pd/BLACK-DECKER-0-9-cu-ft-Portable-Top-Load-Washer-White/1002177052,1002177052
BLACK+DECKER 0.84-cu ft Portable Top-Load Washer (White),BLACK+DECKER,Washing Machines,https://www.lowes.com/pd/BLACK-DECKER-0-84-cu-ft-Portable-Top-Load-Washer-White/1002102610,1002102610
GE Space-Saving 2.8-cu ft Portable Top-Load Washer (White),GE,Washing Machines,https://www.lowes.com/pd/GE-Space-Saving-2-8-cu-ft-Portable-Top-Load-Washer-White/1000503101,1000503101
BLACK+DECKER 1.6-cu ft Portable Top-Load Washer (White),BLACK+DECKER,Washing Machines,https://www.lowes.com/pd/BLACK-DECKER-1-6-cu-ft-Portable-Top-Load-Washer-White/1002102614,1002102614
Amana 3.5-cu ft Top-Load Washer with Dual Action Agitator - White,Amana,Washing Machines,https://www.lowes.com/pd/Amana-3-5-cu-ft-Top-Load-Washer-with-Dual-Action-Agitator-White/1003201568,1003201568
Samsung 2-cu ft High Efficiency Stackable Steam Cycle Front-Load Washer (White) ENERGY STAR,Samsung,Washing Machines,https://www.lowes.com/pd/Samsung-2-cu-ft-High-Efficiency-Stackable-Steam-Cycle-Front-Load-Washer-White-ENERGY-STAR/1001036286,1001036286
Bosch 500 2-cu ft High Efficiency Stackable Front-Load Washer (White/Silver Trim) ENERGY STAR,Bosch,Washing Machines,https://www.lowes.com/pd/Bosch-500-2-cu-ft-High-Efficiency-Stackable-Front-Load-Washer-White-Silver-Trim-ENERGY-STAR/1000491185,1000491185
Bosch 300 2-cu ft High Efficiency Stackable Front-Load Washer (White),Bosch,Washing Machines,https://www.lowes.com/pd/Bosch-300-2-cu-ft-High-Efficiency-Stackable-Front-Load-Washer-White/999957993,999957993
Equator Advanced Appliances Ventless Combination Washer and Dryer (Black) ENERGY STAR,Equator Advanced Appliances,Combination Washers & Dryers,https://www.lowes.com/pd/Equator-Advanced-Appliances-Ventless-Combination-Washer-and-Dryer-Black-ENERGY-STAR/5000149339,5000149339
Midea High-Efficiency Top-Load Washer (White) ENERGY STAR,Midea,Washing Machines,https://www.lowes.com/pd/Midea-High-Efficiency-Top-Load-Washer-White-ENERGY-STAR/5000183257,5000183257
Midea 7.5-cu ft Reversible side swing Electric Dryer (White),Midea,Dryers,https://www.lowes.com/pd/Midea-7-5-cu-ft-Reversible-side-swing-Electric-Dryer-White/5000183253,5000183253
Samsung 7.4-cu ft Reversible side swing Electric Dryer (Black Stainless Steel),Samsung,Dryers,https://www.lowes.com/pd/Samsung-7-4-cu-ft-Reversible-side-swing-Electric-Dryer-Black-Stainless-Steel/5000200385,5000200385
Samsung High-Efficiency Stackable Front-Load Washer (Fingerprint Resistant Black Stainless Steel) ENERGY STAR,Samsung,Washing Machines,https://www.lowes.com/pd/Samsung-High-Efficiency-Stackable-Front-Load-Washer-Fingerprint-Resistant-Black-Stainless-Steel-ENERGY-STAR/5000200389,5000200389
Samsung 7.4-cu ft Gas Dryer (Black Stainless Steel),Samsung,Dryers,https://www.lowes.com/pd/Samsung-7-4-cu-ft-Gas-Dryer-Black-Stainless-Steel/5000200387,5000200387
Samsung Top-Load Washer (Black Stainless Steel),Samsung,Washing Machines,https://www.lowes.com/pd/Samsung-Top-Load-Washer-Black-Stainless-Steel/5000200383,5000200383
Samsung 7.5-cu ft Reversible side swing Stackable Electric Dryer (Fingerprint Resistant Black Stainless Steel),Samsung,Dryers,https://www.lowes.com/pd/Samsung-7-5-cu-ft-Reversible-side-swing-Stackable-Electric-Dryer-Fingerprint-Resistant-Black-Stainless-Steel/5000200391,5000200391
Samsung 7.5-cu ft Stackable Gas Dryer (Fingerprint Resistant Black Stainless Steel),Samsung,Dryers,https://www.lowes.com/pd/Samsung-7-5-cu-ft-Stackable-Gas-Dryer-Fingerprint-Resistant-Black-Stainless-Steel/5000200393,5000200393
Equator Advanced Appliances Side swing Stackable Electric Dryer (White),Equator Advanced Appliances,Dryers,https://www.lowes.com/pd/Equator-Advanced-Appliances-Side-swing-Stackable-Electric-Dryer-White/5000207085,5000207085
Midea Gas Dryer (White),Midea,Dryers,https://www.lowes.com/pd/Midea-Gas-Dryer-White/5000245377,5000245377
Midea Gas Dryer (White),Midea,Dryers,https://www.lowes.com/pd/Midea-Gas-Dryer-White/5000245375,5000245375
Maytag 4.2-cu ft High-Efficiency Top-Load Washer with Deep Water Wash Option - White,Maytag,Washing Machines,https://www.lowes.com/pd/Maytag-4-2-cu-ft-High-Efficiency-Top-Load-Washer-White/1000070587,1000070587
Maytag 5.2-cu ft Smart Capable High-Efficiency Top-Load Washers with Extra Power Button - White,Maytag,Washing Machines,https://www.lowes.com/pd/Maytag-Smart-capable-5-2-cu-ft-High-Efficiency-Top-Load-Washer-White-ENERGY-STAR/1001869832,1001869832
Maytag 4.3-cu ft High-Efficiency Top-Load Washer with Optimal Dispensers - White,Maytag,Washing Machines,https://www.lowes.com/pd/Maytag-4-3-cu-ft-High-Efficiency-Top-Load-Washer-White/999900761,999900761
GE 4.5-cu ft High Efficiency Top-Load Washer (White),GE,Washing Machines,https://www.lowes.com/pd/GE-4-5-cu-ft-High-Efficiency-Top-Load-Washer-White/1000757220,1000757220
LG 4.5-cu ft High Efficiency Top-Load Washer (White) ENERGY STAR,LG,Washing Machines,https://www.lowes.com/pd/LG-4-5-cu-ft-High-Efficiency-Top-Load-Washer-White-ENERGY-STAR/1000606023,1000606023
LG TurboWash 3D Smart Wi-Fi Enabled 5-cu ft High Efficiency Top-Load Washer (White) ENERGY STAR,LG,Washing Machines,https://www.lowes.com/pd/LG-TurboWash-3D-Smart-Wi-Fi-Enabled-5-cu-ft-High-Efficiency-Top-Load-Washer-White-ENERGY-STAR/1000812710,1000812710
Maytag 5.3-cu ft Smart Capable High-Efficiency Top-Load Washer with Extra Power Button - White,Maytag,Washing Machines,https://www.lowes.com/pd/Maytag-Smart-capable-5-3-cu-ft-High-Efficiency-Top-Load-Washer-White-ENERGY-STAR/1001869814,1001869814
Samsung 5-cu ft High Efficiency Top-Load Washer (White) ENERGY STAR,Samsung,Washing Machines,https://www.lowes.com/pd/Samsung-5-cu-ft-High-Efficiency-Top-Load-Washer-White-ENERGY-STAR/1000804874,1000804874
GE 4.2-cu ft Top-Load Washer (White),GE,Washing Machines,https://www.lowes.com/pd/GE-4-2-cu-ft-Top-Load-Washer-White/1000757210,1000757210
Whirlpool 4.3-cu ft High-Efficiency Top-Load Washer with Quick Wash in White,Whirlpool,Washing Machines,https://www.lowes.com/pd/Whirlpool-5-cu-ft-High-Efficiency-Top-Load-Washer-White/50254189,50254189
Roper 3.5-cu ft High-Efficiency Top-Load Washer - White,Roper,Washing Machines,https://www.lowes.com/pd/Roper-3-5-cu-ft-High-Efficiency-Top-Load-Washer-White/1000074111,1000074111
Whirlpool 3.5-cu ft High Efficiency Top-Load Washer (White),Whirlpool,Washing Machines,https://www.lowes.com/pd/Whirlpool-3-5-cu-ft-High-Efficiency-Top-Load-Washer-White-While-Supplies-Last/1000064061,1000064061
LG Steam Smart Wi-Fi Enabled 4.5-cu ft High Efficiency Stackable Steam Cycle Front-Load Washer (White) ENERGY STAR,LG,Washing Machines,https://www.lowes.com/pd/LG-Steam-Smart-Wi-Fi-Enabled-4-5-cu-ft-High-Efficiency-Stackable-Steam-Cycle-Front-Load-Washer-White-ENERGY-STAR/1000533895,1000533895
Samsung Smart 5-cu ft High Efficiency Stackable Steam Cycle Front-Load Washer (Fingerprint Resistant Black Stainless Steel) ENERGY STAR,Samsung,Washing Machines,https://www.lowes.com/pd/Samsung-Smart-5-cu-ft-High-Efficiency-Stackable-Steam-Cycle-Front-Load-Washer-Fingerprint-Resistant-Black-Stainless-Steel-ENERGY-STAR/1001103220,1001103220
Samsung Smart 4.5-cu ft High Efficiency Stackable Steam Cycle Front-Load Washer (Fingerprint Resistant Black Stainless Steel) ENERGY STAR,Samsung,Washing Machines,https://www.lowes.com/pd/Samsung-Smart-4-cu-ft-High-Efficiency-Stackable-Steam-Cycle-Front-Load-Washer-Fingerprint-Resistant-Black-Stainless-Steel-ENERGY-STAR/1000804940,1000804940
Whirlpool 4.5-cu ft Closet-Depth High-Efficiency Front Load Washer with Load and Go Dispenser - White,Whirlpool,Washing Machines,https://www.lowes.com/pd/Whirlpool-Load-and-Go-4-5-cu-ft-High-Efficiency-Stackable-Steam-Cycle-Front-Load-Washer-White-ENERGY-STAR/1000704952,1000704952
Amana 4.3-cu ft High Efficiency Stackable Front-Load Washer (White) ENERGY STAR,Amana,Washing Machines,https://www.lowes.com/pd/Amana-4-3-cu-ft-High-Efficiency-Stackable-Front-Load-Washer-White-ENERGY-STAR/1001101732,1001101732
Samsung 7.4-cu ft Electric Dryer (White),Samsung,Dryers,https://www.lowes.com/pd/Samsung-7-4-cu-ft-Electric-Dryer-White/1000804896,1000804896
LG EasyLoad Smart Wi-Fi Enabled 7.3-cu ft Electric Dryer (White) ENERGY STAR,LG,Dryers,https://www.lowes.com/pd/LG-EasyLoad-Smart-Wi-Fi-Enabled-7-3-cu-ft-Electric-Dryer-White-ENERGY-STAR/1000838268,1000838268
LG 7.3-cu ft Electric Dryer (White) ENERGY STAR,LG,Dryers,https://www.lowes.com/pd/LG-7-3-cu-ft-Electric-Dryer-White-ENERGY-STAR/1000580939,1000580939
Whirlpool 7-cu ft Electric Dryer (White),Whirlpool,Dryers,https://www.lowes.com/pd/Whirlpool-7-cu-ft-Steam-Cycle-Electric-Dryer-White/50204141,50204141
Maytag 7.4-cu ft Smart Capable Vented Electric Dryer with Extra Power Button - White,Maytag,Dryers,https://www.lowes.com/pd/Maytag-Smart-Capable-7-4-cu-ft-Steam-Cycle-Electric-Dryer-White-ENERGY-STAR/1001869850,1001869850
GE 7.2-cu ft Electric Dryer (White),GE,Dryers,https://www.lowes.com/pd/GE-7-2-cu-ft-Electric-Dryer-White/1000043665,1000043665
Roper 6.5-cu ft Vented Electric Dryer with Automatic Dryness Control - White,Roper,Dryers,https://www.lowes.com/pd/Roper-6-5-cu-ft-Electric-Dryer-White/1000067935,1000067935
Whirlpool 7-cu ft Electric Dryer (White) - While Supplies Last,Whirlpool,Dryers,https://www.lowes.com/pd/Whirlpool-7-cu-ft-Electric-Dryer-White-While-Supplies-Last/50354426,50354426
Maytag 7-cu ft Reversible Side Swing Door Gas Dryer (White),Maytag,Dryers,https://www.lowes.com/pd/Maytag-7-cu-ft-Gas-Dryer-White/1000422569,1000422569
GE 7.2-cu ft Reversible Side Swing Door Gas Dryer (White),GE,Dryers,https://www.lowes.com/pd/GE-7-2-cu-ft-Gas-Dryer-White/1000043667,1000043667
Samsung 7.4-cu ft Reversible Side Swing Door Gas Dryer (White),Samsung,Dryers,https://www.lowes.com/pd/Samsung-7-4-cu-ft-Gas-Dryer-White/1000804918,1000804918
Maytag 7-cu ft Reversible Side Swing Door Gas Dryer (White),Maytag,Dryers,https://www.lowes.com/pd/Maytag-7-cu-ft-Gas-Dryer-White/50262717,50262717
LG Smart Wi-Fi Enabled 7.4-cu ft Side Swing Door Stackable Steam Cycle Gas Dryer (Graphite Steel) ENERGY STAR,LG,Dryers,https://www.lowes.com/pd/LG-Smart-Wi-Fi-Enabled-7-4-cu-ft-Stackable-Steam-Cycle-Gas-Dryer-Graphite-Steel-ENERGY-STAR/1000533901,1000533901
Roper 6.5-cu ft Reversible Side Swing Door Gas Dryer (White),Roper,Dryers,https://www.lowes.com/pd/Roper-6-5-cu-ft-Gas-Dryer-White/1000067941,1000067941
Kenmore Elite 7.4-cu ft Side Swing Door Stackable Steam Cycle Gas Dryer (Metallic Silver) ENERGY STAR,Kenmore Elite,Dryers,https://www.lowes.com/pd/Kenmore-Elite-7-4-cu-ft-Stackable-Gas-Dryer-with-Steam-Cycles-Metallic-Silver-ENERGY-STAR/1002938804,1002938804
Samsung 7.5-cu ft Reversible Side Swing Door Stackable Steam Cycle Gas Dryer (Platinum),Samsung,Dryers,https://www.lowes.com/pd/Samsung-7-5-cu-ft-Stackable-Steam-Cycle-Gas-Dryer-Platinum/1001103340,1001103340
Maytag 7.3-cu ft Reversible Side Swing Door Stackable Gas Dryer (Metallic Slate) ENERGY STAR,Maytag,Dryers,https://www.lowes.com/pd/Maytag-7-3-cu-ft-Stackable-Gas-Dryer-Metallic-Slate-ENERGY-STAR/1000704396,1000704396
LG 7.4-cu ft Side Swing Door Stackable Gas Dryer (White) ENERGY STAR,LG,Dryers,https://www.lowes.com/pd/LG-7-4-cu-ft-Stackable-Gas-Dryer-White-ENERGY-STAR/1002544048,1002544048
Maytag Smart capable 7.4-cu ft Hamper Door Steam Cycle Gas Dryer (White) ENERGY STAR,Maytag,Dryers,https://www.lowes.com/pd/Maytag-Smart-Capable-7-4-cu-ft-Steam-Cycle-Gas-Dryer-White-ENERGY-STAR/1001869868,1001869868
Whirlpool 7-cu ft Reversible Side Swing Door Gas Dryer (White),Whirlpool,Dryers,https://www.lowes.com/pd/Whirlpool-7-cu-ft-Gas-Dryer-White-While-Supplies-Last/50382480,50382480
Samsung 7.5-cu ft Stackable Steam Cycle Electric Dryer (Platinum),Samsung,Dryers,https://www.lowes.com/pd/Samsung-7-5-cu-ft-Stackable-Steam-Cycle-Electric-Dryer-Platinum/1001099192,1001099192
Samsung 4.5-cu ft High Efficiency Stackable Steam Cycle Front-Load Washer (Platinum) ENERGY STAR,Samsung,Washing Machines,https://www.lowes.com/pd/Samsung-4-5-cu-ft-High-Efficiency-Stackable-Steam-Cycle-Front-Load-Washer-Platinum-ENERGY-STAR/1001099170,1001099170
Maytag 4.5-cu ft High-Efficiency Front Load Washer with Extra Power and 12-hr Fresh Spin - Metallic Slate,Maytag,Washing Machines,https://www.lowes.com/pd/Maytag-4-5-cu-ft-High-Efficiency-Stackable-Steam-Cycle-Front-Load-Washer-Metallic-Slate-ENERGY-STAR/1000704380,1000704380
GE 2.4-cu ft High Efficiency Stackable Steam Cycle Front-Load Washer (White) ENERGY STAR,GE,Washing Machines,https://www.lowes.com/pd/GE-2-4-cu-ft-High-Efficiency-Stackable-Steam-Cycle-Front-Load-Washer-White-ENERGY-STAR/1000731566,1000731566
GE 7.8-cu ft Stackable Steam Cycle Electric Dryer (Sapphire Blue) ENERGY STAR,GE,Dryers,https://www.lowes.com/pd/GE-7-8-cu-ft-Stackable-Steam-Cycle-Electric-Dryer-Sapphire-Blue-ENERGY-STAR/1001339762,1001339762
Samsung 7.5-cu ft Stackable Electric Dryer (White),Samsung,Dryers,https://www.lowes.com/pd/Samsung-7-5-cu-ft-Stackable-Electric-Dryer-White/1003010146,1003010146
GE 7.8-cu ft Stackable Electric Dryer (White) ENERGY STAR,GE,Dryers,https://www.lowes.com/pd/GE-7-8-cu-ft-Stackable-Electric-Dryer-White-ENERGY-STAR/1002550428,1002550428
LG 7.4-cu ft Stackable Electric Dryer (White) ENERGY STAR,LG,Dryers,https://www.lowes.com/pd/LG-7-4-cu-ft-Stackable-Electric-Dryer-White-ENERGY-STAR/1002544032,1002544032
GE UltraFresh Vent System 5-cu ft Stackable Steam Cycle Front-Load Washer (Sapphire Blue) ENERGY STAR,GE,Washing Machines,https://www.lowes.com/pd/GE-UltraFresh-Vent-System-5-cu-ft-Stackable-Steam-Cycle-Front-Load-Washer-Sapphire-Blue-ENERGY-STAR/1001326686,1001326686
GE Ultra Fresh Vent System 4.8-cu ft Stackable Front-Load Washer (White) ENERGY STAR,GE,Washing Machines,https://www.lowes.com/pd/GE-Ultra-Fresh-Vent-System-4-8-cu-ft-Stackable-Front-Load-Washer-White-ENERGY-STAR/1002550414,1002550414
LG 4.5-cu ft High Efficiency Stackable Front-Load Washer (White) ENERGY STAR,LG,Washing Machines,https://www.lowes.com/pd/LG-4-5-cu-ft-High-Efficiency-Stackable-Front-Load-Washer-White-ENERGY-STAR/1002544016,1002544016
Samsung High-Efficiency Stackable Front-Load Washer (White) ENERGY STAR,Samsung,Washing Machines,https://www.lowes.com/pd/Samsung-High-Efficiency-Stackable-Front-Load-Washer-White-ENERGY-STAR/1002890950,1002890950
Maytag 4.7-cu ft Smart Capable High-Efficiency Top-Load Washers with Extra Power Button - White,Maytag,Washing Machines,https://www.lowes.com/pd/Maytag-Smart-capable-4-7-cu-ft-High-Efficiency-Top-Load-Washer-White/1001869760,1001869760
Maytag 7.4-cu ft Smart Capable Electric Dryer with Extra Power Button in White,Maytag,Dryers,https://www.lowes.com/pd/Maytag-Smart-capable-7-4-cu-ft-Electric-Dryer-White/1001869778,1001869778
GE Electric Stacked Laundry Center with 3.8-cu ft Washer and 5.9-cu ft Dryer,GE,Stacked Laundry Centers,https://www.lowes.com/pd/GE-Stacked-Laundry-Center-with-3-8-cu-ft-Washer-and-5-9-cu-ft-Dryer-White/1000374215,1000374215
Whirlpool Gas Stacked Laundry Center with 3.5-cu ft Washer and 5.9-cu ft Dryer,Whirlpool,Stacked Laundry Centers,https://www.lowes.com/pd/Whirlpool-Gas-Stacked-Laundry-Center-with-3-5-cu-ft-Washer-and-5-9-cu-ft-Dryer-White/1000373025,1000373025
Whirlpool Electric Stacked Laundry Center with 3.5-cu ft Washer and 5.9-cu ft Dryer,Whirlpool,Stacked Laundry Centers,https://www.lowes.com/pd/Whirlpool-Electric-Stacked-Laundry-Center-with-3-5-cu-ft-Washer-and-5-9-cu-ft-Dryer-White/1000373021,1000373021
GE Electric Stacked Laundry Center with 3.8-cu ft Washer and 5.9-cu ft Dryer,GE,Stacked Laundry Centers,https://www.lowes.com/pd/GE-Stacked-Laundry-Center-with-3-8-cu-ft-Washer-and-5-9-cu-ft-Dryer-White/1000392879,1000392879
Whirlpool Electric Stacked Laundry Center with 1.6-cu ft Washer and 3.4-cu ft Dryer,Whirlpool,Stacked Laundry Centers,https://www.lowes.com/pd/Whirlpool-Electric-Stacked-Laundry-Center-with-1-6-cu-ft-Washer-and-3-4-cu-ft-Dryer-White/1000373915,1000373915
Samsung 7.5-cu ft Reversible Side Swing Door Stackable Steam Cycle Gas Dryer (Champagne),Samsung,Dryers,https://www.lowes.com/pd/Samsung-7-5-cu-ft-Stackable-Steam-Cycle-Gas-Dryer-Champagne/1000810334,1000810334
Samsung Smart 7.5-cu ft Reversible Side Swing Door Stackable Steam Cycle Gas Dryer (Fingerprint Resistant Black Stainless Steel) ENERGY STAR,Samsung,Dryers,https://www.lowes.com/pd/Samsung-Smart-7-5-cu-ft-Stackable-Steam-Cycle-Gas-Dryer-Fingerprint-Resistant-Black-Stainless-Steel-ENERGY-STAR/1000804984,1000804984
LG TurboSteam Smart Wi-Fi Enabled 7.3-cu ft Steam Cycle Gas Dryer (White) ENERGY STAR,LG,Dryers,https://www.lowes.com/pd/LG-TurboSteam-Smart-Wi-Fi-Enabled-7-3-cu-ft-Steam-Cycle-Gas-Dryer-White-ENERGY-STAR/1000937570,1000937570
LG TurboSteam Smart Wi-Fi Enabled 7.4-cu ft Side Swing Door Stackable Steam Cycle Gas Dryer (Black Steel) ENERGY STAR,LG,Dryers,https://www.lowes.com/pd/LG-TurboSteam-Smart-Wi-Fi-Enabled-7-4-cu-ft-Steam-Cycle-Gas-Dryer-Black-Steel-ENERGY-STAR/1000812704,1000812704
GE 7.8-cu ft Reversible Side Swing Door Stackable Steam Cycle Gas Dryer (Sapphire Blue) ENERGY STAR,GE,Dryers,https://www.lowes.com/pd/GE-7-8-cu-ft-Stackable-Steam-Cycle-Gas-Dryer-Sapphire-Blue-ENERGY-STAR/1001339786,1001339786
Samsung FlexDry 7.5-cu ft Energy Star Certified Electric Dryer (Black Stainless Steel) Energy Star Certified,Samsung,Dryers,https://www.lowes.com/pd/Samsung-FlexDry-7-5-cu-ft-Energy-Star-Certified-Electric-Dryer-Black-Stainless-Steel-Energy-Star-Certified/1000210049,1000210049
Samsung FlexDry 7.5-cu ft Side Swing Door Energy Star Certified Gas Dryer (White) Energy Star Certified,Samsung,Dryers,https://www.lowes.com/pd/Samsung-FlexDry-7-5-cu-ft-Energy-Star-Certified-Gas-Dryer-White-Energy-Star-Certified/1000209679,1000209679
Samsung FlexDry 7.5-cu ft Energy Star Certified Electric Dryer (White) Energy Star Certified,Samsung,Dryers,https://www.lowes.com/pd/Samsung-FlexDry-7-5-cu-ft-Energy-Star-Certified-Electric-Dryer-White-Energy-Star-Certified/1000210039,1000210039
LG SteamFresh Smart Wi-Fi Enabled 7.3-cu ft Reversible Side Swing Door Steam Cycle Gas Dryer (Black Stainless Steel) ENERGY STAR,LG,Dryers,https://www.lowes.com/pd/LG-SteamFresh-Smart-Wi-Fi-Enabled-7-3-cu-ft-Steam-Cycle-Gas-Dryer-Black-Stainless-Steel-ENERGY-STAR/1000212719,1000212719
LG EasyLoad Smart Wi-Fi Enabled 7.3-cu ft Gas Dryer (White) ENERGY STAR,LG,Dryers,https://www.lowes.com/pd/LG-EasyLoad-Smart-Wi-Fi-Enabled-7-3-cu-ft-Gas-Dryer-White-ENERGY-STAR/1000838296,1000838296
Maytag 7.4-cu ft Smart Capable Vented Electric Dryer with Extra Power Button - Metallic Slate,Maytag,Dryers,https://www.lowes.com/pd/Maytag-Smart-capable-7-4-cu-ft-Electric-Dryer-Metallic-Slate/1001819298,1001819298
GE Ultra Fresh Vent System 4.8-cu ft Stackable Front-Load Washer (Diamond Gray) ENERGY STAR,GE,Washing Machines,https://www.lowes.com/pd/GE-Ultra-Fresh-Vent-System-4-8-cu-ft-Stackable-Front-Load-Washer-Diamond-Gray-ENERGY-STAR/1002380694,1002380694
LG TurboSteam Smart Wi-Fi Enabled 9-cu ft Side Swing Door Stackable Steam Cycle Gas Dryer (Graphite Steel),LG,Dryers,https://www.lowes.com/pd/LG-TurboSteam-Smart-Wi-Fi-Enabled-9-cu-ft-Steam-Cycle-Gas-Dryer-Graphite-Steel/999978616,999978616
LG SIGNATURE TurboSteam Smart Wi-Fi Enabled 9-cu ft Stackable Steam Cycle Electric Dryer (Black Stainless Steel),LG,Dryers,https://www.lowes.com/pd/LG-SIGNATURE-TurboSteam-Smart-Wi-Fi-Enabled-9-cu-ft-Steam-Cycle-Electric-Dryer-Black-Stainless-Steel/1000142129,1000142129
Samsung FlexDry 7.5-cu ft Energy Star Certified Electric Dryer (White) Energy Star Certified,Samsung,Dryers,https://www.lowes.com/pd/Samsung-FlexDry-7-5-cu-ft-Energy-Star-Certified-Electric-Dryer-White-Energy-Star-Certified/1000210045,1000210045
Samsung FlexDry 7.5-cu ft Side Swing Door Energy Star Certified Gas Dryer (Black Stainless Steel) Energy Star Certified,Samsung,Dryers,https://www.lowes.com/pd/Samsung-FlexDry-7-5-cu-ft-Energy-Star-Certified-Gas-Dryer-Black-Stainless-Steel-Energy-Star-Certified/1000209681,1000209681
Samsung 7.5-cu ft Reversible Side Swing Door Stackable Steam Cycle Gas Dryer (White) ENERGY STAR,Samsung,Dryers,https://www.lowes.com/pd/Samsung-7-5-cu-ft-Stackable-Steam-Cycle-Gas-Dryer-White-ENERGY-STAR/1000045059,1000045059
LG TurboSteam Smart Wi-Fi Enabled 7.4-cu ft Stackable Steam Cycle Electric Dryer (Graphite Steel) ENERGY STAR,LG,Dryers,https://www.lowes.com/pd/LG-TurboSteam-Smart-Wi-Fi-Enabled-7-4-cu-ft-Stackable-Steam-Cycle-Electric-Dryer-Graphite-Steel-ENERGY-STAR/1000507573,1000507573
Maytag Smart capable 7.4-cu ft Hamper Door Steam Cycle Gas Dryer (Metallic Slate) ENERGY STAR,Maytag,Dryers,https://www.lowes.com/pd/Maytag-Smart-Capable-7-4-cu-ft-Steam-Cycle-Gas-Dryer-Metallic-Slate-ENERGY-STAR/1001819400,1001819400
Maytag 7.4-cu ft Smart Capable Vented Steam-Enhanced Energy Star Electric Dryer with Extra Power Button - Metallic Slate,Maytag,Dryers,https://www.lowes.com/pd/Maytag-Smart-Capable-7-4-cu-ft-Steam-Cycle-Electric-Dryer-Metallic-Slate-ENERGY-STAR/1001819332,1001819332
Maytag Smart 7.4-cu ft Hamper Door Gas Dryer (Metallic Slate),Maytag,Dryers,https://www.lowes.com/pd/Maytag-Smart-7-4-cu-ft-Gas-Dryer-Metallic-Slate/1001819366,1001819366
Maytag Smart Capable 5.3-cu ft High Efficiency Top-Load Washer (Metallic Slate) ENERGY STAR,Maytag,Washing Machines,https://www.lowes.com/pd/Maytag-Smart-capable-5-3-cu-ft-High-Efficiency-Top-Load-Washer-Metallic-Slate-ENERGY-STAR/1001819502,1001819502
Samsung FlexWash 6-cu ft High Efficiency Primary Washer Only Front-Load Washer (Black Stainless Steel) ENERGY STAR,Samsung,Washing Machines,https://www.lowes.com/pd/Samsung-FlexWash-6-cu-ft-High-Efficiency-Primary-Washer-Only-Front-Load-Washer-Black-Stainless-Steel-ENERGY-STAR/1000218345,1000218345
Whirlpool Smart Capable 5.3-cu ft High Efficiency Top-Load Washer (Chrome Shadow) ENERGY STAR,Whirlpool,Washing Machines,https://www.lowes.com/pd/Whirlpool-Smart-capable-5-3-cu-ft-High-Efficiency-Top-Load-Washer-Chrome-Shadow-ENERGY-STAR/1002940558,1002940558
LG True Steam Smart Wi-Fi Enabled 7.4-cu ft Stackable Steam Cycle Electric Dryer (White) ENERGY STAR,LG,Dryers,https://www.lowes.com/pd/LG-7-4-cu-ft-Reversible-side-swing-Stackable-Electric-Dryer-with-Steam-Cycles-White-ENERGY-STAR/1003259670,1003259670
Maytag Smart capable 7.4-cu ft Hamper Door Gas Dryer (White),Maytag,Dryers,https://www.lowes.com/pd/Maytag-Smart-capable-7-4-cu-ft-Gas-Dryer-White/1001869796,1001869796
GE UltraFresh Vent System 5-cu ft Stackable Steam Cycle Front-Load Washer (White) ENERGY STAR,GE,Washing Machines,https://www.lowes.com/pd/GE-UltraFresh-Vent-System-5-cu-ft-Stackable-Steam-Cycle-Front-Load-Washer-White-ENERGY-STAR/1001339810,1001339810
GE Gas Stacked Laundry Center with 3.8-cu ft Washer and 5.9-cu ft Dryer,GE,Stacked Laundry Centers,https://www.lowes.com/pd/GE-Gas-Stacked-Laundry-Center-with-3-8-cu-ft-Washer-and-5-9-cu-ft-Dryer-Diamond-Gray/1000730202,1000730202
GE Electric Stacked Laundry Center with 3.8-cu ft Washer and 5.9-cu ft Dryer,GE,Stacked Laundry Centers,https://www.lowes.com/pd/GE-Electric-Stacked-Laundry-Center-with-3-8-cu-ft-Washer-and-5-9-cu-ft-Dryer-Diamond-Gray/1000730192,1000730192
GE Gas Stacked Laundry Center with 3.8-cu ft Washer and 5.9-cu ft Dryer,GE,Stacked Laundry Centers,https://www.lowes.com/pd/GE-Stacked-Laundry-Center-with-3-8-cu-ft-Washer-and-5-9-cu-ft-Dryer-White/1000379217,1000379217
Frigidaire Electric Stacked Laundry Center with 3.9-cu ft Washer and 5.6-cu ft Dryer,Frigidaire,Stacked Laundry Centers,https://www.lowes.com/pd/Frigidaire-Electric-Stacked-Laundry-Center-with-3-9-cu-ft-Washer-and-5-6-cu-ft-Dryer-White/1002543368,1002543368
GE Electric Stacked Laundry Center with 3.9-cu ft Washer and 5.9-cu ft Dryer ENERGY STAR,GE,Stacked Laundry Centers,https://www.lowes.com/pd/GE-Stacked-Laundry-Center-with-3-9-cu-ft-Washer-and-5-9-cu-ft-Dryer-ENERGY-STAR/1000833474,1000833474
Whirlpool Electric Stacked Laundry Center with 1.6-cu ft Washer and 3.4-cu ft Dryer,Whirlpool,Stacked Laundry Centers,https://www.lowes.com/pd/Whirlpool-Electric-Stacked-Laundry-Center-with-1-6-cu-ft-Washer-and-3-4-cu-ft-Dryer-White/1000401125,1000401125
GE Electric Stacked Laundry Center with 2.3-cu ft Washer and 4.4-cu ft Dryer,GE,Stacked Laundry Centers,https://www.lowes.com/pd/GE-Stacked-Laundry-Center-with-2-3-cu-ft-Washer-and-4-4-cu-ft-Dryer-White/1000374213,1000374213
